Post Title,Score,URL,No. of Comments
SIT Admission Megathread 2023,53,https://www.reddit.com/r/SIT_Singapore/comments/11d4eff/sit_admission_megathread_2023/,52
SIT Acc interview,0,https://www.reddit.com/r/SIT_Singapore/comments/11luudf/sit_acc_interview/,0
Does SIT allow outsiders to enter the premises?,0,https://www.reddit.com/r/SIT_Singapore/comments/11l72xz/does_sit_allow_outsiders_to_enter_the_premises/,1
"hi, i‚Äôm planning to apply to DCIM (Digital Communications and Integrated Media) for this upcoming 2023 intake, may i know what the course mainly teaches and recommend what to put in my portfolio? thank you :)",1,https://www.reddit.com/r/SIT_Singapore/comments/11kxye2/hi_im_planning_to_apply_to_dcim_digital/,0
Stuck between SIT CS/SMU IS,2,https://www.reddit.com/r/SIT_Singapore/comments/11kwkzf/stuck_between_sit_cssmu_is/,9
SIT mental health survey,1,https://www.reddit.com/r/SIT_Singapore/comments/11kq04q/sit_mental_health_survey/,1
"Any graduates from Mechatronics? Heard the programme is quite difficult, any advice & experience to share?",1,https://www.reddit.com/r/SIT_Singapore/comments/11kgjis/any_graduates_from_mechatronics_heard_the/,0
"intake size for new courses : AI, Digital Supply Chain, Applied Computing",2,https://www.reddit.com/r/SIT_Singapore/comments/11k2xnn/intake_size_for_new_courses_ai_digital_supply/,0
SIT-Pharmaceutical Engineering Interview,2,https://www.reddit.com/r/SIT_Singapore/comments/11k20fc/sitpharmaceutical_engineering_interview/,0
SIT 2023 Courses with Interview Offered (Updated),20,https://www.reddit.com/r/SIT_Singapore/comments/11jlqfv/sit_2023_courses_with_interview_offered_updated/,14
SIT Aircraft systems engineering can i know more about the course? A brief summary would be good. Pls help ! üôèüèªüôèüèª,2,https://www.reddit.com/r/SIT_Singapore/comments/11jyyhr/sit_aircraft_systems_engineering_can_i_know_more/,0
"Hi, I am a jc grad planning to take diagnostic radiography as my first choice. Can I ask if there's any students currently who enrolled in without any relevant working experience?",5,https://www.reddit.com/r/SIT_Singapore/comments/11jqrcg/hi_i_am_a_jc_grad_planning_to_take_diagnostic/,0
How to pay admission fee?,0,https://www.reddit.com/r/SIT_Singapore/comments/11jzt9q/how_to_pay_admission_fee/,2
Qns about Radiation Therapy,0,https://www.reddit.com/r/SIT_Singapore/comments/11jmlvr/qns_about_radiation_therapy/,0
Question regarding scholarships,2,https://www.reddit.com/r/SIT_Singapore/comments/11ivnle/question_regarding_scholarships/,3
SIT FINTECH INTERVIEW,4,https://www.reddit.com/r/SIT_Singapore/comments/11ip06j/sit_fintech_interview/,0
Hi all! For SIT uni admission interview what are some of your attire ?,6,https://www.reddit.com/r/SIT_Singapore/comments/11hxhbe/hi_all_for_sit_uni_admission_interview_what_are/,12
SIT APPLIED COMPUTING FINTECH,4,https://www.reddit.com/r/SIT_Singapore/comments/11hwa4w/sit_applied_computing_fintech/,4
SIT Application O level exam month,0,https://www.reddit.com/r/SIT_Singapore/comments/11i7jm7/sit_application_o_level_exam_month/,2
SIT Interview,11,https://www.reddit.com/r/SIT_Singapore/comments/11guroa/sit_interview/,36
SIT radiation therapy,5,https://www.reddit.com/r/SIT_Singapore/comments/11gt50a/sit_radiation_therapy/,3
Physiotherapy application,4,https://www.reddit.com/r/SIT_Singapore/comments/11gszi3/physiotherapy_application/,3
"Hi all, I would like to find out what are some of the interview questions that you have come across for SIT aircraft system engineering ?",4,https://www.reddit.com/r/SIT_Singapore/comments/11gtwie/hi_all_i_would_like_to_find_out_what_are_some_of/,1
Enquiries on Physiotherapy,7,https://www.reddit.com/r/SIT_Singapore/comments/11ga79i/enquiries_on_physiotherapy/,10
radiographers‚Äô career progression,10,https://www.reddit.com/r/SIT_Singapore/comments/11fviy7/radiographers_career_progression/,5
SIT Diagnostic Radiography Results?,2,/r/SGExams/comments/119qtti/sit_diagnostic_radiography_results/,1
A Year 2 SIT-Digipen (real-time interactive simulation) student looking to switch course,4,https://www.reddit.com/r/SIT_Singapore/comments/11cgqfi/a_year_2_sitdigipen_realtime_interactive/,4
Infosec Curriculum,0,https://www.reddit.com/r/SIT_Singapore/comments/11bttv5/infosec_curriculum/,0
Getting into ICT SWE with an unrelated diploma + poor GPA,2,https://www.reddit.com/r/SIT_Singapore/comments/11bht9g/getting_into_ict_swe_with_an_unrelated_diploma/,3
SIT Nursing specific requirements,1,https://www.reddit.com/r/SIT_Singapore/comments/11as893/sit_nursing_specific_requirements/,0
SIT Interviews,10,https://www.reddit.com/r/SIT_Singapore/comments/119s4d1/sit_interviews/,2
New Punggol Campus,6,https://www.reddit.com/r/SIT_Singapore/comments/1191m5w/new_punggol_campus/,2
RTIS 2023/2024 Application,2,https://www.reddit.com/r/SIT_Singapore/comments/119348s/rtis_20232024_application/,4
[University] I need advice on SIT Mechatronics degree,4,/r/SGExams/comments/118amjk/university_i_need_advice_on_sit_mechatronics/,6
SIT Interview,2,https://www.reddit.com/r/SIT_Singapore/comments/118tgl6/sit_interview/,3
hello has anyone heard from deloitte regarding summer audit internship?,0,https://www.reddit.com/r/SIT_Singapore/comments/118wzb9/hello_has_anyone_heard_from_deloitte_regarding/,0
UXGD 2023/2024,1,https://www.reddit.com/r/SIT_Singapore/comments/118und0/uxgd_20232024/,1
ay23/24 uog mechanical engineering interviews/offers,2,https://www.reddit.com/r/SIT_Singapore/comments/117z4vz/ay2324_uog_mechanical_engineering_interviewsoffers/,7
I love A&P2,6,https://www.reddit.com/r/SIT_Singapore/comments/1173q46/i_love_ap2/,2
lowest rp to get into allied health courses,2,https://www.reddit.com/r/SIT_Singapore/comments/1169fol/lowest_rp_to_get_into_allied_health_courses/,4
NS MATRICULATION HELP!!,3,https://www.reddit.com/r/SIT_Singapore/comments/115lynh/ns_matriculation_help/,2
how to prepare as an incoming freshman (uog cs),7,https://www.reddit.com/r/SIT_Singapore/comments/114c30l/how_to_prepare_as_an_incoming_freshman_uog_cs/,2
Medical Check-Up,3,https://www.reddit.com/r/SIT_Singapore/comments/10xouct/medical_checkup/,2
"Anyone currently studying mechanical engineering or mechatronics at SIT. Can dm me , i have a few qtns to ask regarding the differences",2,https://www.reddit.com/r/SIT_Singapore/comments/10wxi1c/anyone_currently_studying_mechanical_engineering/,5
Aerospace engineering questions,3,https://www.reddit.com/r/SIT_Singapore/comments/10v18nv/aerospace_engineering_questions/,4
SIT Interview,10,https://www.reddit.com/r/SIT_Singapore/comments/10u4ain/sit_interview/,29
Laptop recommendations for computing,1,https://www.reddit.com/r/SIT_Singapore/comments/10twqps/laptop_recommendations_for_computing/,5
WANTS TO FIND OUT MORE ABOUT THE PHYSIOTHERAPY COURSE!!,2,https://www.reddit.com/r/SIT_Singapore/comments/10tfi8c/wants_to_find_out_more_about_the_physiotherapy/,2
Third time applying to SIT,6,https://www.reddit.com/r/SIT_Singapore/comments/10rff2i/third_time_applying_to_sit/,6
Does anyone have info on UXGD???,8,https://www.reddit.com/r/SIT_Singapore/comments/10qocjx/does_anyone_have_info_on_uxgd/,1
SIT DCIM Enquiries,3,https://www.reddit.com/r/SIT_Singapore/comments/10ktwd8/sit_dcim_enquiries/,4
RNS Confirmation,2,https://www.reddit.com/r/SIT_Singapore/comments/10kt3cz/rns_confirmation/,2
Is there such a thing for 1st yr students crossover-ing to nus/ntu if they achieve certain criteria (e.g. they do vey well academically). I in NS now btw so i haven‚Äôt gotten to uni yet.,1,https://www.reddit.com/r/SIT_Singapore/comments/10jdic7/is_there_such_a_thing_for_1st_yr_students/,7
need advice regarding sit epe,3,https://www.reddit.com/r/SIT_Singapore/comments/10h64hg/need_advice_regarding_sit_epe/,13
Aircraft system engineering question,2,https://www.reddit.com/r/SIT_Singapore/comments/10ftfhv/aircraft_system_engineering_question/,3
OIP (overseas immersion prog),7,https://www.reddit.com/r/SIT_Singapore/comments/10e7z5k/oip_overseas_immersion_prog/,0
Experiences in SIT,3,/r/SGExams/comments/10dey03/experiences_in_sit/,0
What are the admission people looking for in the personal statement?,13,https://www.reddit.com/r/SIT_Singapore/comments/10cfera/what_are_the_admission_people_looking_for_in_the/,2
User Experience and Game Design (UXGD),3,https://www.reddit.com/r/SIT_Singapore/comments/10clxxm/user_experience_and_game_design_uxgd/,0
Macbook for SLT?,1,https://www.reddit.com/r/SIT_Singapore/comments/10be3i3/macbook_for_slt/,0
SIT Application 2023,4,https://www.reddit.com/r/SIT_Singapore/comments/10anerm/sit_application_2023/,5
"If I get an offer with my 5 sem GPA (3.5) and ACCEPT it. If my Sem 6 results is really bad, will they reject me?",5,https://www.reddit.com/r/SIT_Singapore/comments/10abume/if_i_get_an_offer_with_my_5_sem_gpa_35_and_accept/,14
SIT Application,2,https://www.reddit.com/r/SIT_Singapore/comments/109v6bn/sit_application/,3
SIT application questions,4,https://www.reddit.com/r/SIT_Singapore/comments/10955w1/sit_application_questions/,1
Mechanical Engineering AY23/24,7,https://www.reddit.com/r/SIT_Singapore/comments/108ptuh/mechanical_engineering_ay2324/,5
Applied Computing (Fintech) or Computing Science (UOG),6,https://www.reddit.com/r/SIT_Singapore/comments/108f9vg/applied_computing_fintech_or_computing_science_uog/,4
AAI programme,10,https://www.reddit.com/r/SIT_Singapore/comments/1088xyu/aai_programme/,0
sit diagnostic radiography,9,https://www.reddit.com/r/SIT_Singapore/comments/106g39e/sit_diagnostic_radiography/,7
How to Benefit Most from SF@NS Scheme?,2,/r/SkillsFutureAtNS/comments/103z6g7/how_to_benefit_most_from_sfns_scheme/,0
attendance,2,https://www.reddit.com/r/SIT_Singapore/comments/103i83c/attendance/,2
(HSS) Does degree classification matter?,3,https://www.reddit.com/r/SIT_Singapore/comments/103760i/hss_does_degree_classification_matter/,1
Do I need to defer NS?,3,https://www.reddit.com/r/SIT_Singapore/comments/102qhxg/do_i_need_to_defer_ns/,4
Remod,2,https://www.reddit.com/r/SIT_Singapore/comments/101ad0u/remod/,3
SIT Pharm engineering,7,https://www.reddit.com/r/SIT_Singapore/comments/zx5ntf/sit_pharm_engineering/,4
anyone know when will the timetable be released for next trimester??,1,https://www.reddit.com/r/SIT_Singapore/comments/zw1r5j/anyone_know_when_will_the_timetable_be_released/,4
[OIP] Perfect time to purchase air tickets for OIP (Overseas Immersion Programme),3,https://www.reddit.com/r/SIT_Singapore/comments/zvpj4g/oip_perfect_time_to_purchase_air_tickets_for_oip/,0
How was your experience with Integrated Work Study Programme (IWSP)?,6,https://www.reddit.com/r/SIT_Singapore/comments/zuxvom/how_was_your_experience_with_integrated_work/,2
What is the passing grade here?,1,https://www.reddit.com/r/SIT_Singapore/comments/zu9bnt/what_is_the_passing_grade_here/,3
Has SIE (Land) changed its course name to Engineering Systems?,2,https://www.reddit.com/r/SIT_Singapore/comments/zr4wxs/has_sie_land_changed_its_course_name_to/,3
Private Hospital / Public Hospital scholarship/sponsorship,3,https://www.reddit.com/r/SIT_Singapore/comments/zqnnc9/private_hospital_public_hospital/,6
"Start of school term, when?",1,https://www.reddit.com/r/SIT_Singapore/comments/zoyaiv/start_of_school_term_when/,2
Is there any app for INSIT? For xsite there is Pulse app.,3,https://www.reddit.com/r/SIT_Singapore/comments/zlkzle/is_there_any_app_for_insit_for_xsite_there_is/,2
Anyone have received the donated bursary outcome?,2,https://www.reddit.com/r/SIT_Singapore/comments/zkpu2k/anyone_have_received_the_donated_bursary_outcome/,2
Intern allowance/pay,7,https://www.reddit.com/r/SIT_Singapore/comments/zk0d6r/intern_allowancepay/,3
When do i have to be present in uni?,2,https://www.reddit.com/r/SIT_Singapore/comments/zdquby/when_do_i_have_to_be_present_in_uni/,2
Resources for CS UoG,5,https://www.reddit.com/r/SIT_Singapore/comments/zbe0fr/resources_for_cs_uog/,1
What will be taught in ENG1002 Engineering Mathematics 2?,4,https://www.reddit.com/r/SIT_Singapore/comments/z9pjm5/what_will_be_taught_in_eng1002_engineering/,1
What's the difference between computing science and computer science?,6,https://www.reddit.com/r/SIT_Singapore/comments/z5r2hk/whats_the_difference_between_computing_science/,7
Study over the weekends at SIT@Dover,2,https://www.reddit.com/r/SIT_Singapore/comments/z4tz3h/study_over_the_weekends_at_sitdover/,3
EDE,3,https://www.reddit.com/r/SIT_Singapore/comments/z4gwt7/ede/,1
Survey for SG Uni Students,2,https://www.reddit.com/r/SIT_Singapore/comments/z4d498/survey_for_sg_uni_students/,1
Resit for exams due to covid,5,https://www.reddit.com/r/SIT_Singapore/comments/z46wj1/resit_for_exams_due_to_covid/,10
Financial aid application,1,https://www.reddit.com/r/SIT_Singapore/comments/z4eiov/financial_aid_application/,4
Questions about SIT Computer science,7,https://www.reddit.com/r/SIT_Singapore/comments/z11v6z/questions_about_sit_computer_science/,11
Study Tips,5,https://www.reddit.com/r/SIT_Singapore/comments/z0thlk/study_tips/,6
building portfolio for allied health courses,5,https://www.reddit.com/r/SIT_Singapore/comments/yzrnak/building_portfolio_for_allied_health_courses/,6
Does SIT have a lot of international students?,1,https://www.reddit.com/r/SIT_Singapore/comments/yxr1sw/does_sit_have_a_lot_of_international_students/,2
DONATED BURSARY,3,https://www.reddit.com/r/SIT_Singapore/comments/ywvskr/donated_bursary/,1
survey on SIT students' involvement in school activities,4,https://www.reddit.com/r/SIT_Singapore/comments/yvucjb/survey_on_sit_students_involvement_in_school/,3
when does semester start?,1,https://www.reddit.com/r/SIT_Singapore/comments/yuy41r/when_does_semester_start/,2
SIT Food Technology,7,https://www.reddit.com/r/SIT_Singapore/comments/yuc8de/sit_food_technology/,2
grade reduction for C Programming module by DigiPen,1,https://www.reddit.com/r/SIT_Singapore/comments/ysykaa/grade_reduction_for_c_programming_module_by/,3
Gap year possible?,3,https://www.reddit.com/r/SIT_Singapore/comments/yp1lbz/gap_year_possible/,9
Passing grade,6,https://www.reddit.com/r/SIT_Singapore/comments/yol3dg/passing_grade/,8
For SIT student tutors / full-time tutors out there,4,https://www.reddit.com/r/SIT_Singapore/comments/yofytt/for_sit_student_tutors_fulltime_tutors_out_there/,0
How are you coping?,9,https://www.reddit.com/r/SIT_Singapore/comments/ynvmud/how_are_you_coping/,6
Location of NYP discussion room,1,https://www.reddit.com/r/SIT_Singapore/comments/yh89ve/location_of_nyp_discussion_room/,2
Is SIT worth it?,0,https://www.reddit.com/r/SIT_Singapore/comments/ygjuaa/is_sit_worth_it/,5
SIT IT admission concerns,2,https://www.reddit.com/r/SIT_Singapore/comments/yg9gqb/sit_it_admission_concerns/,6
Resource Booking System down,1,https://www.reddit.com/r/SIT_Singapore/comments/ycdmn2/resource_booking_system_down/,4
Bursaries and financial aid,4,https://www.reddit.com/r/SIT_Singapore/comments/yalmnb/bursaries_and_financial_aid/,5
can i exempt Year 2 modules? or i can only exempt Year 1 modules ?,3,https://www.reddit.com/r/SIT_Singapore/comments/y8lzk3/can_i_exempt_year_2_modules_or_i_can_only_exempt/,1
Opinions of Postgrad Course,2,https://www.reddit.com/r/SIT_Singapore/comments/y5hc8u/opinions_of_postgrad_course/,0
How to submit MC online and to get a retake paper for test?,2,https://www.reddit.com/r/SIT_Singapore/comments/y4d20r/how_to_submit_mc_online_and_to_get_a_retake_paper/,5
"seniors that have went for OIP to Newcastle, how much did you have to pay for the overall trip?",7,https://www.reddit.com/r/SIT_Singapore/comments/y36i7i/seniors_that_have_went_for_oip_to_newcastle_how/,0
Shower toilets in Dover campus,1,https://www.reddit.com/r/SIT_Singapore/comments/y143bm/shower_toilets_in_dover_campus/,1
30% tests,1,https://www.reddit.com/r/SIT_Singapore/comments/xyna88/30_tests/,10
eMOD13 - Introduction to Cloud Computing,2,https://www.reddit.com/r/SIT_Singapore/comments/xxzx02/emod13_introduction_to_cloud_computing/,0
DigiPen SIT,2,https://www.reddit.com/r/SIT_Singapore/comments/xwv9oy/digipen_sit/,1
Question about the making the application,1,https://www.reddit.com/r/SIT_Singapore/comments/xwe6js/question_about_the_making_the_application/,0
study loan approval,2,https://www.reddit.com/r/SIT_Singapore/comments/xv9xsz/study_loan_approval/,6
when will we know if we‚Äôre accepted for the bursary?,14,https://www.reddit.com/r/SIT_Singapore/comments/xstvu9/when_will_we_know_if_were_accepted_for_the_bursary/,6
is there printing service/corner in SIT@RP campus? cause idw to travel all the way to dover just to use their cheap print service ü§°,1,https://www.reddit.com/r/SIT_Singapore/comments/xstx00/is_there_printing_servicecorner_in_sitrp_campus/,3
tablet or pen and paper?,5,https://www.reddit.com/r/SIT_Singapore/comments/xr95iy/tablet_or_pen_and_paper/,3
"Does SIT have Co-op shop like SMU, NUS & NTU?",3,https://www.reddit.com/r/SIT_Singapore/comments/xlpa7u/does_sit_have_coop_shop_like_smu_nus_ntu/,2
Learning gallery @Dover,1,https://www.reddit.com/r/SIT_Singapore/comments/xjg75i/learning_gallery_dover/,1
Finding group of close friends,16,https://www.reddit.com/r/SIT_Singapore/comments/xeudv1/finding_group_of_close_friends/,13
PSEA Standing Order,3,https://www.reddit.com/r/SIT_Singapore/comments/xe7ux9/psea_standing_order/,0
m1 chip macbook,1,https://www.reddit.com/r/SIT_Singapore/comments/xe3ifa/m1_chip_macbook/,4
May I know where is the library and where can I print my documents in SIT,3,https://www.reddit.com/r/SIT_Singapore/comments/xds2pi/may_i_know_where_is_the_library_and_where_can_i/,3
SIT app,6,https://www.reddit.com/r/SIT_Singapore/comments/xdh6de/sit_app/,0
Tips for exams,6,https://www.reddit.com/r/SIT_Singapore/comments/xd51ff/tips_for_exams/,3
Scholarships interview,7,https://www.reddit.com/r/SIT_Singapore/comments/xc8u5d/scholarships_interview/,2
Contacting profs,1,https://www.reddit.com/r/SIT_Singapore/comments/xc6z7c/contacting_profs/,2
Insights into Pharmaceutical Engineering,1,https://www.reddit.com/r/SIT_Singapore/comments/xc6adl/insights_into_pharmaceutical_engineering/,26
Student card,1,https://www.reddit.com/r/SIT_Singapore/comments/x91wpx/student_card/,7
"Credit Exemption Awareness Text, compulsory?",1,https://www.reddit.com/r/SIT_Singapore/comments/x8az7b/credit_exemption_awareness_text_compulsory/,1
Is it possible to exempt a module in week 2?,1,https://www.reddit.com/r/SIT_Singapore/comments/x7usoo/is_it_possible_to_exempt_a_module_in_week_2/,11
Microsoft 365 for Students?,6,https://www.reddit.com/r/SIT_Singapore/comments/x5b293/microsoft_365_for_students/,2
SIT Merch???,3,https://www.reddit.com/r/SIT_Singapore/comments/x3mxql/sit_merch/,6
Financial Aid Application: Scholarships,5,https://www.reddit.com/r/SIT_Singapore/comments/x3b02z/financial_aid_application_scholarships/,1
Entry to SP,3,https://www.reddit.com/r/SIT_Singapore/comments/x363uj/entry_to_sp/,2
"Anyone took SIT FEE (Elect) 2021, willing to share/sell notes?",1,https://www.reddit.com/r/SIT_Singapore/comments/x367mw/anyone_took_sit_fee_elect_2021_willing_to/,0
SIT physiotherapy to Medicine,3,https://www.reddit.com/r/SIT_Singapore/comments/x2hz40/sit_physiotherapy_to_medicine/,7
Halal Food,4,https://www.reddit.com/r/SIT_Singapore/comments/x2arvo/halal_food/,7
Parking at staff lots,1,https://www.reddit.com/r/SIT_Singapore/comments/x28vjq/parking_at_staff_lots/,1
How to access exempted module resources?,4,https://www.reddit.com/r/SIT_Singapore/comments/x1o00k/how_to_access_exempted_module_resources/,1
Hiiiii just a quick question.. are there past year papers in SIT where we can get access to? If yes.. where do we get it from?ü§™,6,https://www.reddit.com/r/SIT_Singapore/comments/x1dvv8/hiiiii_just_a_quick_question_are_there_past_year/,4
Lecture Attendance,1,https://www.reddit.com/r/SIT_Singapore/comments/x1ld2u/lecture_attendance/,1
[SIT] Dropping of Module,4,https://www.reddit.com/r/SIT_Singapore/comments/x12wfn/sit_dropping_of_module/,5
Telegram Group Chat,7,https://www.reddit.com/r/SIT_Singapore/comments/wyywji/telegram_group_chat/,0
International Students,2,https://www.reddit.com/r/SIT_Singapore/comments/wz1jvx/international_students/,3
Laptop Recommendations for Aerospace Engineering,1,https://www.reddit.com/r/SIT_Singapore/comments/wyyjbz/laptop_recommendations_for_aerospace_engineering/,2
Monthly Concession Pass,2,https://www.reddit.com/r/SIT_Singapore/comments/wyab18/monthly_concession_pass/,4
DICE emod10 Computational thinking. Im super stuck at this part as there is no way to find out what is the combination for S. Im quite lost as to what to do. Any help is appreciated,3,https://i.redd.it/wscotobjk0k91.png,4
ICAEW Exemptions,1,https://www.reddit.com/r/SIT_Singapore/comments/wy9k1y/icaew_exemptions/,0
Laptop for ICT(Info Sec),2,https://www.reddit.com/r/SIT_Singapore/comments/wy1jez/laptop_for_ictinfo_sec/,5
Weekly Schedule,2,https://www.reddit.com/r/SIT_Singapore/comments/wtxh69/weekly_schedule/,1
Ezlink card,1,https://www.reddit.com/r/SIT_Singapore/comments/wtqsjr/ezlink_card/,5
SiT CCA,3,https://www.reddit.com/r/SIT_Singapore/comments/wtalkh/sit_cca/,4
Collection of Student EZLINK Card,6,https://www.reddit.com/r/SIT_Singapore/comments/wsud5f/collection_of_student_ezlink_card/,8
questions about dover campus,5,https://www.reddit.com/r/SIT_Singapore/comments/wsgxan/questions_about_dover_campus/,7
Configuring SIT email on phone,1,https://www.reddit.com/r/SIT_Singapore/comments/ws55ql/configuring_sit_email_on_phone/,5
HB student,2,https://www.reddit.com/r/SIT_Singapore/comments/ws2wt2/hb_student/,0
laptop/ipad or handwritten notes..,4,https://www.reddit.com/r/SIT_Singapore/comments/wrikyu/laptopipad_or_handwritten_notes/,2
Day Zero,1,https://www.reddit.com/r/SIT_Singapore/comments/wqjp1f/day_zero/,8
SIT Dover Gym/Running track,6,https://www.reddit.com/r/SIT_Singapore/comments/wpwhv2/sit_dover_gymrunning_track/,5
HSS PT- Online/In-person,7,https://www.reddit.com/r/SIT_Singapore/comments/wph8xo/hss_pt_onlineinperson/,4
Clashing classes (HSS) - help,3,https://www.reddit.com/r/SIT_Singapore/comments/wpiw40/clashing_classes_hss_help/,7
TLDR: travelling for 4d3n,1,https://www.reddit.com/r/SIT_Singapore/comments/wpmrnf/tldr_travelling_for_4d3n/,5
Aircraft System Engineering (ASE),2,https://www.reddit.com/r/SIT_Singapore/comments/wnfv1g/aircraft_system_engineering_ase/,3
Websites helpful for freshies?,41,https://www.reddit.com/r/SIT_Singapore/comments/wmhtl0/websites_helpful_for_freshies/,11
Seeking career advice during T1,9,https://www.reddit.com/r/SIT_Singapore/comments/wmne1v/seeking_career_advice_during_t1/,2
Reservist Call-ups for SIT Students?,8,https://www.reddit.com/r/SIT_Singapore/comments/wmdgxz/reservist_callups_for_sit_students/,6
Mechanical engineering,2,https://www.reddit.com/r/SIT_Singapore/comments/wmbeyb/mechanical_engineering/,2
SIT Attendance Policy,13,https://www.reddit.com/r/SIT_Singapore/comments/wlop6d/sit_attendance_policy/,6
Recess week/midterms,3,https://www.reddit.com/r/SIT_Singapore/comments/wl0b19/recess_weekmidterms/,2
[Allied Health] Lab Coat,4,https://www.reddit.com/r/SIT_Singapore/comments/wkohsj/allied_health_lab_coat/,2
Appeal for Exemptions,1,https://www.reddit.com/r/SIT_Singapore/comments/wkovyo/appeal_for_exemptions/,3
"Very, very stupid question but was curious to know",4,https://www.reddit.com/r/SIT_Singapore/comments/wkkf0z/very_very_stupid_question_but_was_curious_to_know/,7
Application Choice SWE or CS RTIS,3,https://www.reddit.com/r/SIT_Singapore/comments/wk5wae/application_choice_swe_or_cs_rtis/,7
"Hi there, is there a tele group for physio/ physio freshies?",4,https://www.reddit.com/r/SIT_Singapore/comments/wjtk6k/hi_there_is_there_a_tele_group_for_physio_physio/,0
Recess week can travel?,2,https://www.reddit.com/r/SIT_Singapore/comments/wjvcph/recess_week_can_travel/,4
Telegram groups for Engineering?,6,https://www.reddit.com/r/SIT_Singapore/comments/wj6lgt/telegram_groups_for_engineering/,0
is there compulsory overseas programme for SIT students (heard that one of the local unis hav compulsory overseas thing but dk which uni),3,https://www.reddit.com/r/SIT_Singapore/comments/wj3o25/is_there_compulsory_overseas_programme_for_sit/,4
Engineering laptop for sale,1,https://www.reddit.com/r/SIT_Singapore/comments/wii8ii/engineering_laptop_for_sale/,0
Telegram groups for HSS,6,https://www.reddit.com/r/SIT_Singapore/comments/wi8473/telegram_groups_for_hss/,2
Library in SIT @ Dover,7,https://www.reddit.com/r/SIT_Singapore/comments/wi64zj/library_in_sit_dover/,11
Acc Freshie Tele Group,4,https://www.reddit.com/r/SIT_Singapore/comments/wfnuf8/acc_freshie_tele_group/,2
laptop recommendation for mechanical design & manufacturing engineering,7,https://www.reddit.com/r/SIT_Singapore/comments/we4vro/laptop_recommendation_for_mechanical_design/,5
AWS Academy email,10,https://www.reddit.com/r/SIT_Singapore/comments/we35x6/aws_academy_email/,6
Any Cyber NSF starting school in SIT?,4,https://www.reddit.com/r/SIT_Singapore/comments/we4746/any_cyber_nsf_starting_school_in_sit/,0
Hybrid working while attending Computing Science?,2,https://www.reddit.com/r/SIT_Singapore/comments/wdgrhf/hybrid_working_while_attending_computing_science/,3
Bursary Application,3,https://www.reddit.com/r/SIT_Singapore/comments/wde0qq/bursary_application/,3
SIT Dover Parking,3,https://www.reddit.com/r/SIT_Singapore/comments/wbuieo/sit_dover_parking/,5
AMA ICT Software Engineering (Y3 in Aug),5,https://www.reddit.com/r/SIT_Singapore/comments/wb64ab/ama_ict_software_engineering_y3_in_aug/,15
Getting to SIT@Dover,16,https://www.reddit.com/r/SIT_Singapore/comments/waz4pu/getting_to_sitdover/,12
"SIT accountancy study plan, laptop and timetable",4,https://www.reddit.com/r/SIT_Singapore/comments/wawc4l/sit_accountancy_study_plan_laptop_and_timetable/,6
HSS Module Registration,5,https://www.reddit.com/r/SIT_Singapore/comments/waucyo/hss_module_registration/,1
First year module enrollment,4,https://www.reddit.com/r/SIT_Singapore/comments/wa36fc/first_year_module_enrollment/,4
Credit exemption awareness test,1,https://www.reddit.com/r/SIT_Singapore/comments/wa8v80/credit_exemption_awareness_test/,0
AMA ICT Information Security Senior here (Y3 in Aug),13,https://www.reddit.com/r/SIT_Singapore/comments/w9gwjb/ama_ict_information_security_senior_here_y3_in_aug/,36
M2 Macbook for SIT DR,5,https://www.reddit.com/r/SIT_Singapore/comments/w7hqbi/m2_macbook_for_sit_dr/,6
Laptop Recommendation for Civil Eng,6,https://www.reddit.com/r/SIT_Singapore/comments/w6v882/laptop_recommendation_for_civil_eng/,2
credit exemption,3,https://www.reddit.com/r/SIT_Singapore/comments/w6pta0/credit_exemption/,5
laptop recommendation,3,https://www.reddit.com/r/SIT_Singapore/comments/w6qqh2/laptop_recommendation/,3
orientation programme,8,https://www.reddit.com/r/SIT_Singapore/comments/w62bal/orientation_programme/,7
omg how,3,https://www.reddit.com/r/SIT_Singapore/comments/w4qhvl/omg_how/,11
laptop reccs for hss students!!,6,https://www.reddit.com/r/SIT_Singapore/comments/w3ogfa/laptop_reccs_for_hss_students/,8
Telegram groups,15,https://www.reddit.com/r/SIT_Singapore/comments/w3gl0z/telegram_groups/,28
anyone knows what's the % of grade is based on class participation?,5,https://www.reddit.com/r/SIT_Singapore/comments/w3dfnr/anyone_knows_whats_the_of_grade_is_based_on_class/,5
Want to go DCIM but low gpa,5,https://www.reddit.com/r/SIT_Singapore/comments/w3a7jk/want_to_go_dcim_but_low_gpa/,7
Synopsis for credit exemption,3,https://www.reddit.com/r/SIT_Singapore/comments/w3a85n/synopsis_for_credit_exemption/,3
*Help* SIT Accountancy course exemption,3,https://www.reddit.com/r/SIT_Singapore/comments/w25xgw/help_sit_accountancy_course_exemption/,1
SIT accountancy overseas opportunities,4,https://www.reddit.com/r/SIT_Singapore/comments/w15hpk/sit_accountancy_overseas_opportunities/,1
Timetable for Year 1,9,https://www.reddit.com/r/SIT_Singapore/comments/vynii2/timetable_for_year_1/,2
Questions for PHE,3,https://www.reddit.com/r/SIT_Singapore/comments/vysj3i/questions_for_phe/,2
Change Programme,3,https://www.reddit.com/r/SIT_Singapore/comments/vy1tyg/change_programme/,11
What is the difference between Lecture and tutorial? And what should I taken note when planning for my school schedule / planner,13,https://www.reddit.com/r/SIT_Singapore/comments/vx0cq3/what_is_the_difference_between_lecture_and/,2
HSS timetable/schedule,13,https://www.reddit.com/r/SIT_Singapore/comments/vwyzkw/hss_timetableschedule/,4
"module exemption talk (HSS,DR)",3,https://www.reddit.com/r/SIT_Singapore/comments/vwj8o2/module_exemption_talk_hssdr/,5
choosing of modules (HSS),2,https://www.reddit.com/r/SIT_Singapore/comments/vwhuik/choosing_of_modules_hss/,4
SIT TUITION LOAN AND STUDENT LOAN,2,https://www.reddit.com/r/SIT_Singapore/comments/vwe6ob/sit_tuition_loan_and_student_loan/,0
SIT Bachelor‚Äôs in mechanical design and manufacturing engineering (MDME),4,https://www.reddit.com/r/SIT_Singapore/comments/vwatn7/sit_bachelors_in_mechanical_design_and/,0
Credit Exemptions for Computing Science,4,https://www.reddit.com/r/SIT_Singapore/comments/vvyshj/credit_exemptions_for_computing_science/,0
Does Y1 Air Transport Management students need to enrol for modules/courses?,4,https://www.reddit.com/r/SIT_Singapore/comments/vvrjiz/does_y1_air_transport_management_students_need_to/,2
Laptop recommendation,4,https://www.reddit.com/r/SIT_Singapore/comments/vvm6hl/laptop_recommendation/,8
Which engineering math prof to go to ?,1,https://www.reddit.com/r/SIT_Singapore/comments/vuvdl4/which_engineering_math_prof_to_go_to/,2
University Life Club Fair,17,https://www.reddit.com/r/SIT_Singapore/comments/vu2pml/university_life_club_fair/,1
DCIM 2022 Batch,5,https://www.reddit.com/r/SIT_Singapore/comments/vu1y0d/dcim_2022_batch/,3
software eng laptop recommendations,4,https://www.reddit.com/r/SIT_Singapore/comments/vtqw0c/software_eng_laptop_recommendations/,2
SIT Medical Check Up,6,https://www.reddit.com/r/SIT_Singapore/comments/vtkgcr/sit_medical_check_up/,9
Food Technology,5,https://www.reddit.com/r/SIT_Singapore/comments/vsppzj/food_technology/,2
SIT accountancy briefing,5,https://www.reddit.com/r/SIT_Singapore/comments/vsg19l/sit_accountancy_briefing/,5
SIT Applied Artificial Intelligence,3,https://www.reddit.com/r/SIT_Singapore/comments/vshehq/sit_applied_artificial_intelligence/,8
SIT HB: Advice?,6,https://www.reddit.com/r/SIT_Singapore/comments/vs0st7/sit_hb_advice/,4
HSS timetable,4,https://www.reddit.com/r/SIT_Singapore/comments/vs1k2m/hss_timetable/,7
credit exemption,5,https://www.reddit.com/r/SIT_Singapore/comments/vr6sf3/credit_exemption/,11
Notarisation of certs,1,https://www.reddit.com/r/SIT_Singapore/comments/vr4pcp/notarisation_of_certs/,2
Microwave to heat food,1,https://www.reddit.com/r/SIT_Singapore/comments/vr2qd3/microwave_to_heat_food/,2
Mac for Engineering?,1,https://www.reddit.com/r/SIT_Singapore/comments/vqxu76/mac_for_engineering/,3
Laptop or ipad?,6,https://www.reddit.com/r/SIT_Singapore/comments/vqapzt/laptop_or_ipad/,9
study week,3,https://www.reddit.com/r/SIT_Singapore/comments/vqd31l/study_week/,8
Any senior that can advice for epe?,3,https://www.reddit.com/r/SIT_Singapore/comments/vp426o/any_senior_that_can_advice_for_epe/,0
Bond free scholarship help,12,https://www.reddit.com/r/SIT_Singapore/comments/vmpome/bond_free_scholarship_help/,1
MATRICULATION: Do I have to submit the Interbank GIRO form to Finance Division?,3,https://www.reddit.com/r/SIT_Singapore/comments/vmhuik/matriculation_do_i_have_to_submit_the_interbank/,12
Medical Check Up & Matriculation Fee,5,https://www.reddit.com/r/SIT_Singapore/comments/vlxm27/medical_check_up_matriculation_fee/,7
Learning experiences,5,https://www.reddit.com/r/SIT_Singapore/comments/vlou5p/learning_experiences/,8
No slot before medical examination deadline,6,https://www.reddit.com/r/SIT_Singapore/comments/vka49w/no_slot_before_medical_examination_deadline/,9
Dropout Rate of Mechatronics Systems/SEEMS Students,5,https://www.reddit.com/r/SIT_Singapore/comments/vkaupb/dropout_rate_of_mechatronics_systemsseems_students/,1
Computing Science Laptop Recommendations,6,https://www.reddit.com/r/SIT_Singapore/comments/vk6l30/computing_science_laptop_recommendations/,2
Anyone starting Information Security This Year?,4,https://www.reddit.com/r/SIT_Singapore/comments/vjihc4/anyone_starting_information_security_this_year/,5
Hi! Will anyone be applying for PSEA? I'm just wondering whether I'm required to fill up the form and drop it physically at the admin office or will there be an online guide? Do let me know if anyone has previously applied for it last year. Your response is greatly appreciated. Thanks! :-),2,https://www.reddit.com/r/SIT_Singapore/comments/vi6ky4/hi_will_anyone_be_applying_for_psea_im_just/,7
appeal results rejected,4,https://www.reddit.com/r/SIT_Singapore/comments/vh9bzr/appeal_results_rejected/,27
Looking for help on school fees,12,https://www.reddit.com/r/SIT_Singapore/comments/vghqrw/looking_for_help_on_school_fees/,3
Mechanical Design and Manufacturing Engineering,6,https://www.reddit.com/r/SIT_Singapore/comments/vgebj1/mechanical_design_and_manufacturing_engineering/,0
matriculation medical screening,2,https://www.reddit.com/r/SIT_Singapore/comments/vgjnl9/matriculation_medical_screening/,14
Information Security Timetable,2,https://www.reddit.com/r/SIT_Singapore/comments/vggl14/information_security_timetable/,4
International Student admitting to SIT / Senior (Student Pass),3,https://www.reddit.com/r/SIT_Singapore/comments/vfq15o/international_student_admitting_to_sit_senior/,0
Any advice on laptop/ipad for 1st year SIT Accountancy student?,7,https://www.reddit.com/r/SIT_Singapore/comments/vfaq78/any_advice_on_laptopipad_for_1st_year_sit/,1
Computer Engineering (formerly known as Telematics),1,https://www.reddit.com/r/SIT_Singapore/comments/vf9uhy/computer_engineering_formerly_known_as_telematics/,0
LOA,1,https://www.reddit.com/r/SIT_Singapore/comments/veynql/loa/,0
Laptop Recommendation for HB,6,https://www.reddit.com/r/SIT_Singapore/comments/vdzf8b/laptop_recommendation_for_hb/,1
Do Y1 HB students have to enrol for modules?,8,https://www.reddit.com/r/SIT_Singapore/comments/vdthzi/do_y1_hb_students_have_to_enrol_for_modules/,11
Laptop recommendation,4,https://www.reddit.com/r/SIT_Singapore/comments/vdtpeu/laptop_recommendation/,1
[AMA] How to improve your chances of getting in!,8,https://www.reddit.com/r/SIT_Singapore/comments/vbg7lc/ama_how_to_improve_your_chances_of_getting_in/,5
laptop recommendations,9,https://www.reddit.com/r/SIT_Singapore/comments/v949ks/laptop_recommendations/,0
appeal results,19,https://www.reddit.com/r/SIT_Singapore/comments/v8bume/appeal_results/,73
Change of degree,3,https://www.reddit.com/r/SIT_Singapore/comments/v87ize/change_of_degree/,0
FAS deadline,3,https://www.reddit.com/r/SIT_Singapore/comments/v871hr/fas_deadline/,3
appeal ftf interview,6,https://www.reddit.com/r/SIT_Singapore/comments/v6zjv0/appeal_ftf_interview/,0
Would like to ask about the schedule,5,https://www.reddit.com/r/SIT_Singapore/comments/v6zpvj/would_like_to_ask_about_the_schedule/,0
How does appeal work?,6,https://www.reddit.com/r/SIT_Singapore/comments/v6ravb/how_does_appeal_work/,2
Appeal,4,https://www.reddit.com/r/SIT_Singapore/comments/v6r2xb/appeal/,10
Orientation Camps,10,https://www.reddit.com/r/SIT_Singapore/comments/v5y45z/orientation_camps/,8
Medical exam,1,https://www.reddit.com/r/SIT_Singapore/comments/v5zrdd/medical_exam/,0
[UoG comp sci] Past year exam papers?,14,https://www.reddit.com/r/SIT_Singapore/comments/v5eq4w/uog_comp_sci_past_year_exam_papers/,2
Solar application info for student pass,3,https://www.reddit.com/r/SIT_Singapore/comments/v57u52/solar_application_info_for_student_pass/,0
What will SIT send you in the matriculation package? (the one to your house),10,https://www.reddit.com/r/SIT_Singapore/comments/v4irnb/what_will_sit_send_you_in_the_matriculation/,13
SIT Bachelor of Accountancy appeal interview (give tips plsss),3,https://www.reddit.com/r/SIT_Singapore/comments/v3vvcq/sit_bachelor_of_accountancy_appeal_interview_give/,1
SIT First Year Experience's (@sit.fye) Instagram Profile,8,https://www.instagram.com/sit.fye/,2
Matriculation Medical Screening,4,https://www.reddit.com/r/SIT_Singapore/comments/v2ifrp/matriculation_medical_screening/,1
Matriculation,4,https://www.reddit.com/r/SIT_Singapore/comments/v2a85r/matriculation/,3
How packed are the modules on a day to day basis for mechatronics?,7,https://www.reddit.com/r/SIT_Singapore/comments/uzptlr/how_packed_are_the_modules_on_a_day_to_day_basis/,2
Laptop recommendations for aerospace engineering?,3,https://www.reddit.com/r/SIT_Singapore/comments/uzh9x3/laptop_recommendations_for_aerospace_engineering/,2
Need Help Health Science Seniors/Friens,6,https://www.reddit.com/r/SIT_Singapore/comments/uyyi12/need_help_health_science_seniorsfriens/,30
ICT (Information Security) Appeal,4,https://www.reddit.com/r/SIT_Singapore/comments/uyxlrn/ict_information_security_appeal/,10
Appeal success rate,14,https://www.reddit.com/r/SIT_Singapore/comments/uysef7/appeal_success_rate/,3
Any chance for GPA3.14,7,https://www.reddit.com/r/SIT_Singapore/comments/uxz7hc/any_chance_for_gpa314/,9
Chances for BEng Electronics and Data Engineering AY2023/24,5,https://www.reddit.com/r/SIT_Singapore/comments/uxzz51/chances_for_beng_electronics_and_data_engineering/,4
pharma engineering,7,https://www.reddit.com/r/SIT_Singapore/comments/uxi5bs/pharma_engineering/,1
Am I supposed to receive/do anything else after accepting offer?,8,https://www.reddit.com/r/SIT_Singapore/comments/uxdpc0/am_i_supposed_to_receivedo_anything_else_after/,7
Digital Supply Chain,8,https://www.reddit.com/r/SIT_Singapore/comments/uwkm6p/digital_supply_chain/,3
Hi is it possible for me to get some advice on appeal?,5,https://www.reddit.com/r/SIT_Singapore/comments/uwlcv3/hi_is_it_possible_for_me_to_get_some_advice_on/,4
Appeal for 2022 intake,18,https://www.reddit.com/r/SIT_Singapore/comments/uvz7j1/appeal_for_2022_intake/,2
Naval Architecture & Marine Engineering,3,https://www.reddit.com/r/SIT_Singapore/comments/uw391w/naval_architecture_marine_engineering/,0
Looking for people that accepted SIT Digipen IMGD or IMGD students/alumni,7,https://www.reddit.com/r/SIT_Singapore/comments/uvgguz/looking_for_people_that_accepted_sit_digipen_imgd/,0
Need help fellow male students,6,https://www.reddit.com/r/SIT_Singapore/comments/utwbry/need_help_fellow_male_students/,2
[Uni] SIT Appeal 2022 (give tips pls),15,https://www.reddit.com/r/SIT_Singapore/comments/usz9zr/uni_sit_appeal_2022_give_tips_pls/,7
Is having a GPA around 2.2 able to get into SIT after one failed application attempt this year?,2,https://www.reddit.com/r/SIT_Singapore/comments/usy6cb/is_having_a_gpa_around_22_able_to_get_into_sit/,7
Any chance for 3.3GPA?,8,https://www.reddit.com/r/SIT_Singapore/comments/us4yhg/any_chance_for_33gpa/,3
"Planning to appeal for RTIS, what are the chances? 2.8x gpa",4,https://www.reddit.com/r/SIT_Singapore/comments/us2yrx/planning_to_appeal_for_rtis_what_are_the_chances/,10
appeal tips,18,https://www.reddit.com/r/SIT_Singapore/comments/urs92t/appeal_tips/,20
Anyone received offers?,13,https://www.reddit.com/r/SIT_Singapore/comments/uqueix/anyone_received_offers/,15
Pharm Eng :),3,https://www.reddit.com/r/SIT_Singapore/comments/uqom33/pharm_eng/,2
everything about naval architecture and marine engineering,6,https://www.reddit.com/r/SIT_Singapore/comments/upyw60/everything_about_naval_architecture_and_marine/,2
Chemical Engineering (TUM),9,https://www.reddit.com/r/SIT_Singapore/comments/upm0d7/chemical_engineering_tum/,3
Returning NSMen,2,https://www.reddit.com/r/SIT_Singapore/comments/upm1pz/returning_nsmen/,3
"Anyone went through the ‚ÄúN levels > ITE > Poly‚Äù route and applied for SIT? Did you guys have to do the mandatory English test stuff? I went for this route and I haven‚Äôt gotten any news, also, I wasn‚Äôt aware of the English language requirement lol so I didn‚Äôt went for any",5,https://www.reddit.com/r/SIT_Singapore/comments/upcyjt/anyone_went_through_the_n_levels_ite_poly_route/,11
school life,16,https://www.reddit.com/r/SIT_Singapore/comments/uoqr2n/school_life/,4
Need laptop recommendations for ICT Information Security!! Thank you seniors or anyone~,5,https://www.reddit.com/r/SIT_Singapore/comments/uon4xe/need_laptop_recommendations_for_ict_information/,1
Will there be an orientation week for AY2022/23? Need this info for NS disruption.,0,https://www.reddit.com/r/SIT_Singapore/comments/uole0f/will_there_be_an_orientation_week_for_ay202223/,5
Chemical Engineering,6,https://www.reddit.com/r/SIT_Singapore/comments/unuzz9/chemical_engineering/,1
Accountancy,2,https://www.reddit.com/r/SIT_Singapore/comments/untr1v/accountancy/,3
chances of appealing,8,https://www.reddit.com/r/SIT_Singapore/comments/un2iw5/chances_of_appealing/,12
EDE advice,3,https://www.reddit.com/r/SIT_Singapore/comments/un300z/ede_advice/,4
Any Software Engineering Students of 2022 batch?,19,https://www.reddit.com/r/SIT_Singapore/comments/um80ab/any_software_engineering_students_of_2022_batch/,39
Spiralling Anxiety,6,https://www.reddit.com/r/SIT_Singapore/comments/um9s4z/spiralling_anxiety/,8
Accepted offer,7,https://www.reddit.com/r/SIT_Singapore/comments/ulmgco/accepted_offer/,5
How long does it take to receive my interview/application results after I‚Äôve done my video interview?,2,https://www.reddit.com/r/SIT_Singapore/comments/ulm5vk/how_long_does_it_take_to_receive_my/,5
Anyone received offer from pharmaceutical engineering ?,4,https://www.reddit.com/r/SIT_Singapore/comments/ukyusj/anyone_received_offer_from_pharmaceutical/,2
Anyone received anything from hospitality business? (Asking for a friend),3,https://www.reddit.com/r/SIT_Singapore/comments/ukv6k3/anyone_received_anything_from_hospitality/,3
ICT (Software Engineering) and (Information Security) Dump,24,https://www.reddit.com/r/SIT_Singapore/comments/uka5ps/ict_software_engineering_and_information_security/,0
Anyone offered MDME? Mine‚Äôs still processing after 1 interview in early April. Getting worried plez halpppppppp :(,1,https://www.reddit.com/r/SIT_Singapore/comments/ukqb3t/anyone_offered_mdme_mines_still_processing_after/,1
Accountancy seniors pls advise,5,https://www.reddit.com/r/SIT_Singapore/comments/uk9u44/accountancy_seniors_pls_advise/,8
Anyone got offered for ede?,1,https://www.reddit.com/r/SIT_Singapore/comments/ukhlgv/anyone_got_offered_for_ede/,5
I just got an offer for a course but that is not my ideal course. What do I do? TIA :),6,https://www.reddit.com/r/SIT_Singapore/comments/uk1gdd/i_just_got_an_offer_for_a_course_but_that_is_not/,7
hospitality business offers,5,https://www.reddit.com/r/SIT_Singapore/comments/ujegps/hospitality_business_offers/,12
Can I accept other university's offer after accepting SIT's offer?,5,https://www.reddit.com/r/SIT_Singapore/comments/ujbecs/can_i_accept_other_universitys_offer_after/,4
Has anyone received an offer for Naval architecture and Marine engineering course?,7,https://www.reddit.com/r/SIT_Singapore/comments/uf77n3/has_anyone_received_an_offer_for_naval/,11
Have anyone received offer for Information and Communication Technology ( Information security) ?,9,https://www.reddit.com/r/SIT_Singapore/comments/uf2a5w/have_anyone_received_offer_for_information_and/,10
How long did y‚Äôall wait for the offer ?,7,https://www.reddit.com/r/SIT_Singapore/comments/uetv3b/how_long_did_yall_wait_for_the_offer/,11
Are offers sent at the same time?,16,https://www.reddit.com/r/SIT_Singapore/comments/udpdtx/are_offers_sent_at_the_same_time/,2
Anyone received offer for Chemical Engineering?,5,https://www.reddit.com/r/SIT_Singapore/comments/ud24su/anyone_received_offer_for_chemical_engineering/,10
Anyone gotten their offer on Aircraft Systems Engineering?,2,https://www.reddit.com/r/SIT_Singapore/comments/ud33qs/anyone_gotten_their_offer_on_aircraft_systems/,1
Has anyone received offer for SIT OP?,3,https://www.reddit.com/r/SIT_Singapore/comments/ucc5e5/has_anyone_received_offer_for_sit_op/,0
Has anyone received offer for SIT DCIM?,10,https://www.reddit.com/r/SIT_Singapore/comments/uc67qe/has_anyone_received_offer_for_sit_dcim/,3
double interviews..,2,https://www.reddit.com/r/SIT_Singapore/comments/ucddx9/double_interviews/,8
SIT Punggol Campus,5,https://www.reddit.com/r/SIT_Singapore/comments/ubnni5/sit_punggol_campus/,10
Does anyone know if SIT has/will sent out rejection emails?,9,https://www.reddit.com/r/SIT_Singapore/comments/ubd093/does_anyone_know_if_sit_haswill_sent_out/,2
hospitality business offer,5,https://www.reddit.com/r/SIT_Singapore/comments/u9ghp3/hospitality_business_offer/,17
Has anyone been shortlisted for an interview for PT/OT?,4,https://www.reddit.com/r/SIT_Singapore/comments/u8pfpx/has_anyone_been_shortlisted_for_an_interview_for/,1
anyone received an offer for EDE?,7,https://www.reddit.com/r/SIT_Singapore/comments/u8e315/anyone_received_an_offer_for_ede/,5
Anyone received any offers from Computer Science in Real-Time Interactive Simulation,6,https://www.reddit.com/r/SIT_Singapore/comments/u8f7lr/anyone_received_any_offers_from_computer_science/,5
Does SIT accept international qualifications?,3,https://www.reddit.com/r/SIT_Singapore/comments/u8dwg7/does_sit_accept_international_qualifications/,2
SIT Applied Artificial Intelligence,1,https://www.reddit.com/r/SIT_Singapore/comments/u7xkyt/sit_applied_artificial_intelligence/,6
Chances to get into accountancy with F2F interview,1,https://www.reddit.com/r/SIT_Singapore/comments/u67800/chances_to_get_into_accountancy_with_f2f_interview/,5
"If u received an email for an online interview, does that mean ur write up works or does everyone get that online interview?",5,https://www.reddit.com/r/SIT_Singapore/comments/u4arut/if_u_received_an_email_for_an_online_interview/,1
SIT @ RP,2,https://www.reddit.com/r/SIT_Singapore/comments/u1puza/sit_rp/,2
SIT Hospitality business (my chances of getting in),3,https://www.reddit.com/r/SIT_Singapore/comments/tuiyya/sit_hospitality_business_my_chances_of_getting_in/,3
[UNI] I got shortlisted for the BEng (Hons) Chemical Engineering [Joint-Degree with Technical University of Munich] Video Assessment in SIT.,7,https://www.reddit.com/r/SIT_Singapore/comments/tudgw7/uni_i_got_shortlisted_for_the_beng_hons_chemical/,1
SIT DCIM Video Interview,7,https://www.reddit.com/r/SIT_Singapore/comments/tsxuin/sit_dcim_video_interview/,9
Digital supply chain,4,https://www.reddit.com/r/SIT_Singapore/comments/tpwspw/digital_supply_chain/,10
Hospitality Business Video Assessment,1,https://www.reddit.com/r/SIT_Singapore/comments/tpveme/hospitality_business_video_assessment/,10
SIT EPE Questions,6,https://www.reddit.com/r/SIT_Singapore/comments/tpfcg4/sit_epe_questions/,6
Interview experience,13,https://www.reddit.com/r/SIT_Singapore/comments/tmm12m/interview_experience/,6
Interview for EEE,3,https://www.reddit.com/r/SIT_Singapore/comments/tm1n3c/interview_for_eee/,1
Lost and Found,3,https://www.reddit.com/r/SIT_Singapore/comments/tjxuvy/lost_and_found/,1
Are there bridging courses for students who came from non-IT related background?,4,https://www.reddit.com/r/SIT_Singapore/comments/tib37v/are_there_bridging_courses_for_students_who_came/,4
Interview weightage for admissions,7,https://www.reddit.com/r/SIT_Singapore/comments/th4pe7/interview_weightage_for_admissions/,3
Information and Communications Technology AI Chatbot Assessment,14,https://www.reddit.com/r/SIT_Singapore/comments/tgxj3s/information_and_communications_technology_ai/,12
SIT UOG CS interview and admissions,9,https://www.reddit.com/r/SIT_Singapore/comments/tfjvhp/sit_uog_cs_interview_and_admissions/,24
IB application International student,4,https://www.reddit.com/r/SIT_Singapore/comments/tfj27r/ib_application_international_student/,10
Questions about Accountancy,3,https://www.reddit.com/r/SIT_Singapore/comments/tceohn/questions_about_accountancy/,0
Health & Social Science Updates??,9,https://www.reddit.com/r/SIT_Singapore/comments/t6j57n/health_social_science_updates/,1
Interview weightage,7,https://www.reddit.com/r/SIT_Singapore/comments/t4z3yq/interview_weightage/,6
SIT Kira Interview for Hospitality Business,5,https://www.reddit.com/r/SIT_Singapore/comments/t2js24/sit_kira_interview_for_hospitality_business/,5
interview for EDE,0,https://www.reddit.com/r/SIT_Singapore/comments/t0t5s9/interview_for_ede/,10
SIT admissions 2022,9,https://www.reddit.com/r/SIT_Singapore/comments/t040sk/sit_admissions_2022/,29
Shortlisted for interview into CE,4,https://www.reddit.com/r/SIT_Singapore/comments/t065ca/shortlisted_for_interview_into_ce/,0
Application Guide,2,https://www.reddit.com/r/SIT_Singapore/comments/sz4zjo/application_guide/,0
Thought this might be useful if you are looking to apply to DBS SEED,3,https://nodeflair.com/blog/dbs-seed-programme,0
What is Digital Communications and Integrated Media like?,5,https://www.reddit.com/r/SIT_Singapore/comments/suoc98/what_is_digital_communications_and_integrated/,1
Need advice! (SIT InfoSec),4,https://www.reddit.com/r/SIT_Singapore/comments/sseblh/need_advice_sit_infosec/,10
Free College Tips from Harvard Students,2,https://www.reddit.com/r/SIT_Singapore/comments/sm3pd5/free_college_tips_from_harvard_students/,0
About EDE (Electronics and Data Engineering),2,https://www.reddit.com/r/SIT_Singapore/comments/sm0u0w/about_ede_electronics_and_data_engineering/,0
Happy CNY in advance! I'm looking for interviewees.,1,https://www.reddit.com/r/SIT_Singapore/comments/sfplim/happy_cny_in_advance_im_looking_for_interviewees/,0
SIT Allied Health Application,4,https://www.reddit.com/r/SIT_Singapore/comments/sf9cvc/sit_allied_health_application/,3
Looking for interviewees,5,https://www.reddit.com/r/SIT_Singapore/comments/s7vuhi/looking_for_interviewees/,0
Add classes directly into your own personal calendar !,10,https://www.reddit.com/r/SIT_Singapore/comments/s6rltl/add_classes_directly_into_your_own_personal/,2
Interest Survey - Unfiltered Views of the World,0,/r/sutd/comments/s56s9d/interest_survey_unfiltered_views_of_the_world/,0
Possible to get into engineering with less than GPA 3?,6,https://www.reddit.com/r/SIT_Singapore/comments/s4b0pj/possible_to_get_into_engineering_with_less_than/,9
Thought this might be useful if you are looking to intern at Govtech,1,https://www.nodeflair.com/blog/govtech-internship-graduates-salary-office-and-more,0
New SIT course ‚ÄúApplied Artificial Intelligence‚Äù,12,https://www.reddit.com/r/SIT_Singapore/comments/s02kls/new_sit_course_applied_artificial_intelligence/,2
Can i get into Nursing with a gpa<3.0?,2,https://www.reddit.com/r/SIT_Singapore/comments/rv9sk8/can_i_get_into_nursing_with_a_gpa30/,2
Tele groups for peeps interested in finance!!,2,https://www.reddit.com/r/SIT_Singapore/comments/roppyo/tele_groups_for_peeps_interested_in_finance/,0
Dates for Trimester results?,1,https://www.reddit.com/r/SIT_Singapore/comments/rj6zek/dates_for_trimester_results/,8
Anxious for overall grade,2,https://www.reddit.com/r/SIT_Singapore/comments/rekv3f/anxious_for_overall_grade/,1
Forming effective altruism career group among SIT students!,4,https://www.reddit.com/r/SIT_Singapore/comments/refmnl/forming_effective_altruism_career_group_among_sit/,0
anatomy and physiology,3,https://www.reddit.com/r/SIT_Singapore/comments/r7br1i/anatomy_and_physiology/,4
Survey on healthcare services in Singapore,1,https://www.reddit.com/r/SIT_Singapore/comments/r4r5oy/survey_on_healthcare_services_in_singapore/,0
"Students in Computer Engineering(Telematics), thoughts on it?",2,https://www.reddit.com/r/SIT_Singapore/comments/r497b7/students_in_computer_engineeringtelematics/,0
SIT X Covid,1,https://www.reddit.com/r/SIT_Singapore/comments/qtsa6c/sit_x_covid/,5
How to decide between OT and PT?,2,https://www.reddit.com/r/SIT_Singapore/comments/qmenxi/how_to_decide_between_ot_and_pt/,4
WFH or back to campus?,3,https://www.reddit.com/r/SIT_Singapore/comments/qkxed1/wfh_or_back_to_campus/,1
Advise and help,3,https://www.reddit.com/r/SIT_Singapore/comments/qkhnq0/advise_and_help/,1
SIT Grades to Marks,17,https://www.reddit.com/r/SIT_Singapore/comments/qixunw/sit_grades_to_marks/,5
Any kind soul willing to share the learning resources for civil engineering in SIT?,8,https://www.reddit.com/r/SIT_Singapore/comments/qeldja/any_kind_soul_willing_to_share_the_learning/,0
Will declaring mental issues in NS cause my spot to be revoked?,2,https://www.reddit.com/r/SIT_Singapore/comments/qb9jeq/will_declaring_mental_issues_in_ns_cause_my_spot/,1
Is it possible to just... swap courses midway through a semester?,6,https://www.reddit.com/r/SIT_Singapore/comments/q9bla5/is_it_possible_to_just_swap_courses_midway/,0
How is diagnostic radiography like?,5,https://www.reddit.com/r/SIT_Singapore/comments/q58jqd/how_is_diagnostic_radiography_like/,3
What is it like studying physiotherapy,6,https://www.reddit.com/r/SIT_Singapore/comments/q40qht/what_is_it_like_studying_physiotherapy/,6
Exam Revision,5,https://www.reddit.com/r/SIT_Singapore/comments/pzv1nl/exam_revision/,0
Covid positive cases in campus?,2,https://www.reddit.com/r/SIT_Singapore/comments/prpumr/covid_positive_cases_in_campus/,5
Organization behaviour and management book,2,https://www.reddit.com/r/SIT_Singapore/comments/ppwby1/organization_behaviour_and_management_book/,1
GPA,2,https://www.reddit.com/r/SIT_Singapore/comments/pir04m/gpa/,1
SIT Admissions,3,https://www.reddit.com/r/SIT_Singapore/comments/piqeyo/sit_admissions/,6
iPad Pro or iPad Air or iPad mini,4,https://www.reddit.com/r/SIT_Singapore/comments/phiiat/ipad_pro_or_ipad_air_or_ipad_mini/,16
"Does SIT have their own merchandise shop in campus, like every other poly and universities??",3,https://www.reddit.com/r/SIT_Singapore/comments/pguqac/does_sit_have_their_own_merchandise_shop_in/,2
"hiya freshie here! is it feasible to take up 2 ccas, and can we quit our cca?",2,https://www.reddit.com/r/SIT_Singapore/comments/pgegck/hiya_freshie_here_is_it_feasible_to_take_up_2/,5
Computing Science CSC1002 Trail Lecture,2,https://www.reddit.com/r/SIT_Singapore/comments/pewxz5/computing_science_csc1002_trail_lecture/,0
Digipen,5,https://www.reddit.com/r/SIT_Singapore/comments/pd0swv/digipen/,1
Fast commute to SIT,9,https://www.reddit.com/r/SIT_Singapore/comments/pcli6i/fast_commute_to_sit/,5
Quests,3,https://www.reddit.com/r/SIT_Singapore/comments/pbuvy2/quests/,2
SIT Accountancy Credit Exemption Awareness Tests,2,https://www.reddit.com/r/SIT_Singapore/comments/pauf75/sit_accountancy_credit_exemption_awareness_tests/,4
SIT Quests?,4,https://www.reddit.com/r/SIT_Singapore/comments/paaukq/sit_quests/,0
Does anyone not have the enrolment package or timetable yet?,3,https://www.reddit.com/r/SIT_Singapore/comments/p9dqe8/does_anyone_not_have_the_enrolment_package_or/,1
How to add classes into personal Calendar?,1,https://www.reddit.com/r/SIT_Singapore/comments/p9bwv5/how_to_add_classes_into_personal_calendar/,1
SIT OT clashing timetables?,5,https://www.reddit.com/r/SIT_Singapore/comments/p9578l/sit_ot_clashing_timetables/,22
"Help, add classes for enrolment‚Ä¶",4,https://www.reddit.com/r/SIT_Singapore/comments/p5b505/help_add_classes_for_enrolment/,3
Getting iPad for accounting student,5,https://www.reddit.com/r/SIT_Singapore/comments/p4ydpo/getting_ipad_for_accounting_student/,2
diagnostic radiography tele grpchat!,5,https://www.reddit.com/r/SIT_Singapore/comments/p337ad/diagnostic_radiography_tele_grpchat/,1
Program List/Laptop recommendations for BEng Sustainable Infrastructure Engineering (Building Services),7,https://www.reddit.com/r/SIT_Singapore/comments/owxjr7/program_listlaptop_recommendations_for_beng/,0
Insights from any Kind Peeps,5,https://www.reddit.com/r/SIT_Singapore/comments/oucr81/insights_from_any_kind_peeps/,1
Help a freshmen,4,https://www.reddit.com/r/SIT_Singapore/comments/otv173/help_a_freshmen/,0
what is uni life like,7,https://www.reddit.com/r/SIT_Singapore/comments/oqln0w/what_is_uni_life_like/,6
AY2021/2022 Trimester 1 Module Registration Issue?,3,https://www.reddit.com/r/SIT_Singapore/comments/opd33o/ay20212022_trimester_1_module_registration_issue/,4
Apple back to school promotions is back,4,https://www.apple.com/sg_edu_4911/shop/back-to-school,0
Is it okay to get a m1 MacBook for SIT accountancy?,3,https://www.reddit.com/r/SIT_Singapore/comments/oinlyi/is_it_okay_to_get_a_m1_macbook_for_sit_accountancy/,9
what the expect in chem eng,4,https://www.reddit.com/r/SIT_Singapore/comments/ogl7v6/what_the_expect_in_chem_eng/,1
Laptop recommendations for Computer Science,3,https://www.reddit.com/r/SIT_Singapore/comments/og3yt9/laptop_recommendations_for_computer_science/,1
freshman orientation,3,https://www.reddit.com/r/SIT_Singapore/comments/o9k6nh/freshman_orientation/,4
Reservist,3,https://www.reddit.com/r/SIT_Singapore/comments/o6x6da/reservist/,2
SIT QnA/ AMA,10,https://www.reddit.com/r/SIT_Singapore/comments/o1w1dx/sit_qna_ama/,1
Campus Location,2,https://www.reddit.com/r/SIT_Singapore/comments/o1al6e/campus_location/,2
looking for friends!,12,https://www.reddit.com/r/SIT_Singapore/comments/o0e23c/looking_for_friends/,18
Laptop or Tablet?,4,https://www.reddit.com/r/SIT_Singapore/comments/o0d8gs/laptop_or_tablet/,3
Anyone received an Email from SIT telling you to accept the offer?,2,https://www.reddit.com/r/SIT_Singapore/comments/o0g21j/anyone_received_an_email_from_sit_telling_you_to/,1
2021 SIT CS UOG COMPUTER SCIENCE UNIVERSITY OF GLASGOW FRIENDS,7,https://www.reddit.com/r/SIT_Singapore/comments/ns6f96/2021_sit_cs_uog_computer_science_university_of/,2
"Matriculation, account lock",5,https://i.redd.it/g2bfab2ipl271.jpg,10
Matriculated into the wrong course.,3,https://www.reddit.com/r/SIT_Singapore/comments/npnzqy/matriculated_into_the_wrong_course/,0
[physiotherapy],5,/r/SGExams/comments/nngx9c/uni_sit_physio_freshies/,1
SIT Appeal Eligibility,2,https://www.reddit.com/r/SIT_Singapore/comments/nkhpxf/sit_appeal_eligibility/,4
Link to laptop sale?,7,https://www.asiapac.com.sg/sit/notebook_Asus.aspx,3
Any idea how to write an appeal,11,https://www.reddit.com/r/SIT_Singapore/comments/nideln/any_idea_how_to_write_an_appeal/,0
[Uni] Details on UXGD,1,https://www.reddit.com/r/SIT_Singapore/comments/nhh78i/uni_details_on_uxgd/,4
Feel free to join the Telegram Group !,11,https://www.reddit.com/r/SIT_Singapore/comments/ngwsrq/feel_free_to_join_the_telegram_group/,0
Has anyone been offered in diagnostic radiography?,3,https://www.reddit.com/r/SIT_Singapore/comments/ne47u3/has_anyone_been_offered_in_diagnostic_radiography/,2
Received a gift package from SIT,12,https://i.redd.it/7mmst7l788z61.jpg,21
FOOD TECHNOLOGY LAPTOP,3,https://www.reddit.com/r/SIT_Singapore/comments/ncrnok/food_technology_laptop/,4
Offer and Result gathering for admission AY2021 (Live Updates),17,https://www.reddit.com/r/SIT_Singapore/comments/naoru2/offer_and_result_gathering_for_admission_ay2021/,0
A place for discussion and sharing,14,https://www.reddit.com/r/SIT_Singapore/comments/na9yuu/a_place_for_discussion_and_sharing/,62